center,radius,incident_count
"(29.922398, -95.708702)",12000,120
"(29.888085, -95.697472)",13000,125
"(29.596714, -95.235756)",11000,125
"(28.818680, -96.983347)",14000,125
"(30.078328, -94.146564)",15000,125
"(29.871399, -95.295613)",13000,110